access_zone,population_est,pct
15-30 min,27535.683280944824,22.637578764416048
Beyond 30 min (Underserved),6680.539291381836,5.49219109089939
Within 15 min,87420.82866668701,71.87023014468457
