access_zone,population_est,pct
15-30 min,-6697615.161827087,26.30045869120018
Beyond 30 min (Underserved),800.2307434082031,-0.0031423775630450607
Within 15 min,-18768958.272590637,73.70268368636287
