access_zone,population_est,pct
15-30 min,-17463247.551094055,68.31597818548936
Beyond 30 min (Underserved),-4193117.460708618,16.4034163827116
Within 15 min,-3906099.311958313,15.28060543179904
